data;horario;n_da_ocorrencia;tipo_de_ocorrencia;km;trecho;sentido;tipo_de_acidente;automovel;bicicleta;caminhao;moto;onibus;outros;tracao_animal;transporte_de_cargas_especiais;trator_maquinas;utilitarios;ilesos;levemente_feridos;moderadamente_feridos;gravemente_feridos;mortos
"20/11/2018";"10:03:00";"31";"sem vítima";"326,6";"BR-101/RJ";"Sul";"Engavetamento";3;0;0;0;0;0;0;0;0;0;1;0;0;0;0
"20/11/2018";"16:00:00";"60";"sem vítima";"322,5";"BR-101/RJ";"Norte";"Colisão - Lateral";0;0;1;0;1;0;0;0;0;0;1;0;0;0;0
"23/11/2018";"08:11:00";"27";"sem vítima";"329,8";"BR-101/RJ";"Sul";"Colisão - Traseira";2;0;0;0;0;0;0;0;0;0;1;0;0;0;0
"23/11/2018";"10:48:00";"47";"sem vítima";"322,8";"BR-101/RJ";"Norte";"Choque Defensa";0;0;0;0;1;0;0;0;0;0;1;0;0;0;0
"23/11/2018";"16:39:00";"93";"sem vítima";"321";"BR-101/RJ";"Norte";"Colisão - Traseira";1;0;0;1;0;0;0;0;0;0;2;0;0;0;0
"23/11/2018";"23:05:00";"185";"sem vítima";"323";"BR-101/RJ";"Norte";"Colisão - Traseira";2;0;0;0;0;0;0;0;0;0;1;0;0;0;0
"23/11/2018";"23:53:00";"194";"sem vítima";"324,5";"BR-101/RJ";"Norte";"Colisão - Traseira";2;0;0;0;0;0;0;0;0;1;1;0;0;0;0
"24/11/2018";"00:40:00";"2";"sem vítima";"322,8";"BR-101/RJ";"Norte";"Colisão - Traseira";2;0;0;0;0;0;0;0;0;0;1;0;0;0;0
"24/11/2018";"00:52:00";"4";"sem vítima";"322,8";"BR-101/RJ";"Norte";"Colisão - Traseira";2;0;0;0;0;0;0;0;0;0;1;0;0;0;0
"27/11/2018";"07:22:00";"15";"sem vítima";"322,3";"BR-101/RJ";"Sul";"Colisão - Lateral";1;0;0;0;1;0;0;0;0;0;1;0;0;0;0
"28/11/2018";"08:04:00";"27";"sem vítima";"333,5";"BR-101/RJ";"Sul";"Colisão - Lateral";0;0;1;1;0;0;0;0;0;0;1;0;0;0;0
"28/11/2018";"08:35:00";"30";"sem vítima";"331,5";"BR-101/RJ";"Sul";"Colisão - Traseira";2;0;0;0;0;0;0;0;0;0;1;0;0;0;0
"28/11/2018";"16:01:00";"92";"sem vítima";"327,3";"BR-101/RJ";"Norte";"Engavetamento";3;0;0;0;0;0;0;0;0;0;1;0;0;0;0
"29/11/2018";"02:45:00";"16";"sem vítima";"321";"BR-101/RJ";"Norte";"Capotamento";1;0;0;0;0;0;0;0;0;0;1;0;0;0;0
"29/11/2018";"08:02:00";"37";"com vítima";"320";"BR-101/RJ";"Sul";"Colisão - Traseira";1;0;0;1;0;0;0;0;0;0;0;1;0;0;0
"29/11/2018";"08:10:00";"40";"com vítima";"322,9";"BR-101/RJ";"Sul";"Colisão - Traseira";2;0;0;0;0;0;0;0;0;0;1;1;0;0;0
"29/11/2018";"08:16:00";"41";"sem vítima";"322,3";"BR-101/RJ";"Sul";"Colisão - Traseira";2;0;0;0;0;0;0;0;0;0;1;0;0;0;0
"30/11/2018";"07:36:00";"18";"com vítima";"334";"BR-101/RJ";"Sul";"Engavetamento";3;0;0;0;0;0;0;0;0;0;1;1;0;0;0
"30/11/2018";"08:17:00";"26";"sem vítima";"332";"BR-101/RJ";"Sul";"Colisão - Traseira";2;0;0;0;0;0;0;0;0;0;2;0;0;0;0
"30/11/2018";"08:42:00";"30";"com vítima";"330";"BR-101/RJ";"Sul";"Colisão - Lateral";1;0;0;1;0;0;0;0;0;0;0;1;0;0;0
"30/11/2018";"19:05:00";"103";"sem vítima";"332";"BR-101/RJ";"Norte";"Colisão - Traseira";2;0;0;0;0;0;0;0;0;0;1;0;0;0;0
"30/11/2018";"20:19:00";"117";"sem vítima";"333,5";"BR-101/RJ";"Norte";"Colisão - Lateral";2;0;0;0;0;0;0;0;0;0;1;0;0;0;0
"01/12/2018";"08:43:00";"24";"sem vítima";"324";"BR-101/RJ";"Norte";"Colisão - Traseira";2;0;0;0;0;0;0;0;0;0;2;0;0;0;0
"02/12/2018";"07:08:00";"6";"sem vítima";"321";"BR-101/RJ";"Norte";"Colisão - Lateral";2;0;0;0;0;0;0;0;0;0;1;0;0;0;0
"03/12/2018";"06:10:00";"10";"com vítima";"333";"BR-101/RJ";"Sul";"Colisão - Lateral";0;0;0;1;0;0;0;0;0;0;0;0;2;0;0
"03/12/2018";"09:05:00";"29";"sem vítima";"322,3";"BR-101/RJ";"Sul";"Colisão - Traseira";2;0;0;0;0;0;0;0;0;0;1;0;0;0;0
"03/12/2018";"17:05:00";"83";"com vítima";"324,2";"BR-101/RJ";"Norte";"Colisão - Traseira";0;0;1;0;1;0;0;0;0;0;0;1;0;0;0
"04/12/2018";"16:12:00";"68";"sem vítima";"327";"BR-101/RJ";"Norte";"Colisão - Traseira";2;0;0;0;0;0;0;0;0;0;1;0;0;0;0
"04/12/2018";"16:20:00";"69";"com vítima";"332";"BR-101/RJ";"Norte";"Colisão - Traseira";1;0;0;1;0;0;0;0;0;0;0;0;1;0;0
"04/12/2018";"17:07:00";"74";"sem vítima";"326,5";"BR-101/RJ";"Sul";"Colisão - Lateral";1;0;0;0;0;0;0;0;0;1;1;0;0;0;0
"05/12/2018";"22:25:00";"111";"sem vítima";"322,3";"BR-101/RJ";"Norte";"Colisão - Traseira";2;0;0;0;0;0;0;0;0;0;1;0;0;0;0
"06/12/2018";"08:36:00";"32";"sem vítima";"322";"BR-101/RJ";"Sul";"Queda de moto";1;0;0;1;0;0;0;0;0;0;2;0;0;0;0
"07/12/2018";"06:45:00";"19";"sem vítima";"328";"BR-101/RJ";"Sul";"Colisão - Traseira";2;0;0;0;0;0;0;0;0;0;1;0;0;0;0
"07/12/2018";"07:53:00";"26";"sem vítima";"324,5";"BR-101/RJ";"Sul";"Colisão - Traseira";1;0;0;0;0;0;0;0;0;1;1;0;0;0;0
"07/12/2018";"09:06:00";"32";"sem vítima";"327";"BR-101/RJ";"Sul";"Colisão - Traseira";1;0;0;1;0;0;0;0;0;0;1;0;0;0;0
"07/12/2018";"15:40:00";"78";"sem vítima";"322,5";"BR-101/RJ";"Norte";"Colisão - Traseira";1;0;2;0;0;0;0;0;0;0;1;0;0;0;0
"07/12/2018";"22:39:00";"131";"sem vítima";"330";"BR-101/RJ";"Sul";"Colisão - Traseira";1;0;1;0;0;0;0;0;0;0;1;0;0;0;0
"08/12/2018";"13:52:00";"45";"com vítima";"334";"BR-101/RJ";"Sul";"Colisão - Traseira";1;0;0;1;0;0;0;0;0;0;0;2;1;0;0
"08/12/2018";"15:29:00";"58";"sem vítima";"324";"BR-101/RJ";"Norte";"Colisão - Traseira";2;0;0;0;0;0;0;0;0;0;1;0;0;0;0
"08/12/2018";"16:52:00";"67";"sem vítima";"334";"BR-101/RJ";"Sul";"Colisão - Traseira";2;0;0;0;0;0;0;0;0;0;1;0;0;0;0
"11/12/2018";"06:45:00";"15";"sem vítima";"327,5";"BR-101/RJ";"Norte";"Colisão - Lateral";0;0;2;0;0;0;0;0;0;0;2;0;0;0;0
"11/12/2018";"10:18:00";"30";"sem vítima";"324";"BR-101/RJ";"Sul";"Colisão - Traseira";1;0;0;1;0;0;0;0;0;0;2;0;0;0;0
"11/12/2018";"11:47:00";"40";"sem vítima";"323";"BR-101/RJ";"Sul";"Engavetamento";3;0;0;0;0;0;0;0;0;0;3;0;0;0;0
"12/12/2018";"10:35:00";"37";"com vítima";"326,5";"BR-101/RJ";"Sul";"Queda de moto";0;0;0;1;0;0;0;0;0;0;0;2;0;0;0
"12/12/2018";"19:22:00";"116";"sem vítima";"321";"BR-101/RJ";"Sul";"Colisão - Lateral";0;0;1;0;0;0;0;0;0;1;1;0;0;0;0
"13/12/2018";"06:43:00";"15";"sem vítima";"333,5";"BR-101/RJ";"Sul";"Colisão - Traseira";2;0;0;0;0;0;0;0;0;0;1;0;0;0;0
"13/12/2018";"08:23:00";"26";"com vítima";"334";"BR-101/RJ";"Sul";"Colisão - Lateral";0;0;0;1;0;0;0;0;0;0;1;1;0;0;0
"13/12/2018";"10:45:00";"47";"com vítima";"326,5";"BR-101/RJ";"Sul";"Colisão - Traseira";1;0;0;1;0;0;0;0;0;0;1;1;0;0;0
"13/12/2018";"19:02:00";"128";"sem vítima";"327,5";"BR-101/RJ";"Norte";"Colisão - Lateral";2;0;0;0;0;0;0;0;0;0;1;0;0;0;0
"14/12/2018";"07:17:00";"19";"com vítima";"334";"BR-101/RJ";"Sul";"Queda de moto";0;0;0;1;0;0;0;0;0;0;0;1;0;0;0
"14/12/2018";"08:56:00";"32";"sem vítima";"322,3";"BR-101/RJ";"Sul";"Colisão - Traseira";2;0;0;0;0;0;0;0;0;0;2;0;0;0;0
"14/12/2018";"19:29:00";"116";"sem vítima";"324,5";"BR-101/RJ";"Norte";"Engavetamento";4;0;0;0;0;0;0;0;0;0;1;0;0;0;0
"14/12/2018";"22:41:00";"133";"sem vítima";"321,5";"BR-101/RJ";"Sul";"Choque Defensa";1;0;0;0;0;0;0;0;0;0;1;0;0;0;0
"15/12/2018";"06:24:00";"18";"sem vítima";"322,3";"BR-101/RJ";"Norte";"Colisão - Lateral";4;0;0;1;0;0;0;0;0;0;5;0;0;0;0
"15/12/2018";"10:20:00";"54";"sem vítima";"324,5";"BR-101/RJ";"Norte";"Colisão - Lateral";2;0;0;0;0;0;0;0;0;0;2;0;0;0;0
"15/12/2018";"13:01:00";"82";"sem vítima";"322,8";"BR-101/RJ";"Norte";"Colisão - Traseira";1;0;0;0;0;0;0;0;0;1;2;0;0;0;0
"16/12/2018";"11:06:00";"38";"com vítima";"330";"BR-101/RJ";"Norte";"Colisão - Traseira";1;0;0;1;0;0;0;0;0;0;0;2;1;0;0
"17/12/2018";"07:44:00";"22";"com vítima";"321";"BR-101/RJ";"Norte";"Queda de moto";0;0;0;1;0;0;0;0;0;0;0;1;0;0;0
"17/12/2018";"09:30:00";"27";"sem vítima";"325";"BR-101/RJ";"Sul";"Colisão - Traseira";1;0;0;1;0;0;0;0;0;0;1;0;0;0;0
"17/12/2018";"12:46:00";"56";"com vítima";"334";"BR-101/RJ";"Norte";"Colisão - Traseira";2;0;0;0;0;0;0;0;0;0;1;0;1;0;0
"18/12/2018";"14:06:00";"73";"sem vítima";"324";"BR-101/RJ";"Norte";"Engavetamento";1;0;0;0;1;0;0;0;0;1;1;0;0;0;0
"18/12/2018";"14:36:00";"75";"com vítima";"324,5";"BR-101/RJ";"Norte";"Colisão - Traseira";1;0;0;1;0;0;0;0;0;0;0;3;0;0;0
"18/12/2018";"18:46:00";"110";"com vítima";"326,6";"BR-101/RJ";"Norte";"Queda de moto";0;0;0;1;0;0;0;0;0;0;0;1;0;0;0
"18/12/2018";"19:01:00";"112";"com vítima";"327,5";"BR-101/RJ";"Norte";"Queda de moto";0;0;0;1;0;0;0;0;0;0;0;1;0;0;0
"18/12/2018";"20:42:00";"121";"sem vítima";"321";"BR-101/RJ";"Sul";"Colisão - Traseira";2;0;0;0;0;0;0;0;0;0;1;0;0;0;0
"19/12/2018";"06:24:00";"22";"sem vítima";"322,3";"BR-101/RJ";"Sul";"Colisão - Traseira";2;0;0;0;0;0;0;0;0;0;2;0;0;0;0
"19/12/2018";"14:34:00";"72";"com vítima";"326,4";"BR-101/RJ";"Sul";"Colisão - Traseira";1;0;0;0;0;0;0;0;0;1;3;1;0;0;0
"19/12/2018";"16:13:00";"84";"sem vítima";"324,5";"BR-101/RJ";"Norte";"Colisão - Lateral";1;0;0;0;1;0;0;0;0;0;2;0;0;0;0
"20/12/2018";"05:53:00";"13";"sem vítima";"326";"BR-101/RJ";"Norte";"Choque Defensa";1;0;0;0;0;0;0;0;0;0;1;0;0;0;0
"20/12/2018";"12:01:00";"50";"sem vítima";"322,3";"BR-101/RJ";"Sul";"Engavetamento";2;0;1;0;0;0;0;0;0;0;1;0;0;0;0
"20/12/2018";"13:21:00";"59";"sem vítima";"322,8";"BR-101/RJ";"Norte";"Colisão - Traseira";2;0;0;0;0;0;0;0;0;0;1;0;0;0;0
"20/12/2018";"16:36:00";"85";"sem vítima";"321";"BR-101/RJ";"Norte";"Engavetamento";2;0;0;0;0;0;0;0;0;0;4;0;0;0;0
"20/12/2018";"23:24:00";"142";"sem vítima";"327,5";"BR-101/RJ";"Norte";"Colisão - Traseira";2;0;0;0;0;0;0;0;0;0;1;0;0;0;0
"21/12/2018";"15:50:00";"98";"sem vítima";"329";"BR-101/RJ";"Norte";"Colisão - Traseira";1;0;0;0;0;0;0;0;0;1;1;0;0;0;0
"21/12/2018";"16:44:00";"103";"sem vítima";"324";"BR-101/RJ";"Norte";"Colisão - Traseira";2;0;0;0;0;0;0;0;0;0;1;0;0;0;0
"22/12/2018";"11:03:00";"40";"sem vítima";"322,5";"BR-101/RJ";"Norte";"Colisão - Traseira";3;0;0;0;0;0;0;0;0;0;1;0;0;0;0
"23/12/2018";"05:13:00";"13";"sem vítima";"326,7";"BR-101/RJ";"Norte";"Colisão - Lateral";2;0;0;0;0;0;0;0;0;0;1;0;0;0;0
"24/12/2018";"08:41:00";"28";"com vítima";"327";"BR-101/RJ";"Norte";"Colisão - Traseira";1;0;0;1;0;0;0;0;0;0;1;0;1;0;0
"25/12/2018";"14:18:00";"38";"sem vítima";"322,5";"BR-101/RJ";"Norte";"Colisão - Traseira";1;0;0;0;0;0;0;0;0;1;2;0;0;0;0
"25/12/2018";"15:59:00";"51";"com vítima";"324";"BR-101/RJ";"Norte";"Colisão - Traseira";2;0;0;0;0;0;0;0;0;0;0;1;0;0;0
"25/12/2018";"17:13:00";"63";"sem vítima";"324,5";"BR-101/RJ";"Norte";"Colisão - Lateral";0;0;1;0;1;0;0;0;0;0;2;0;0;0;0
"26/12/2018";"06:35:00";"19";"sem vítima";"326,2";"BR-101/RJ";"Sul";"Colisão - Traseira";1;0;0;1;0;0;0;0;0;0;1;0;0;0;0
"27/12/2018";"17:58:00";"97";"sem vítima";"334";"BR-101/RJ";"Norte";"Colisão - Lateral";2;0;0;0;0;0;0;0;0;0;1;0;0;0;0
"28/12/2018";"06:48:00";"22";"sem vítima";"324,5";"BR-101/RJ";"Norte";"Colisão - Traseira";2;0;0;0;0;0;0;0;0;0;2;0;0;0;0
"28/12/2018";"12:46:00";"62";"sem vítima";"323";"BR-101/RJ";"Norte";"Colisão - Traseira";2;0;0;0;0;0;0;0;0;0;2;0;0;0;0
"28/12/2018";"14:28:00";"79";"sem vítima";"324,5";"BR-101/RJ";"Norte";"Colisão - Lateral";1;0;0;1;0;0;0;0;0;0;2;0;0;0;0
"28/12/2018";"15:09:00";"85";"sem vítima";"334";"BR-101/RJ";"Norte";"Colisão - Traseira";2;0;0;0;0;0;0;0;0;0;2;0;0;0;0
"28/12/2018";"15:49:00";"92";"sem vítima";"323";"BR-101/RJ";"Norte";"Colisão - Traseira";1;0;0;1;0;0;0;0;0;0;2;0;0;0;0
"28/12/2018";"22:45:00";"126";"sem vítima";"323,5";"BR-101/RJ";"Norte";"Colisão - Traseira";2;0;0;0;0;0;0;0;0;0;1;0;0;0;0
"29/12/2018";"04:34:00";"8";"sem vítima";"323,5";"BR-101/RJ";"Norte";"Colisão - Lateral";1;0;1;0;0;0;0;0;0;0;1;0;0;0;0
"29/12/2018";"04:44:00";"9";"sem vítima";"324";"BR-101/RJ";"Norte";"Colisão - Traseira";1;0;0;0;0;0;0;0;0;0;1;0;0;0;0
"29/12/2018";"07:38:00";"43";"sem vítima";"324,5";"BR-101/RJ";"Norte";"Colisão - Lateral";2;0;0;0;0;0;0;0;0;0;2;0;0;0;0
"29/12/2018";"09:07:00";"62";"sem vítima";"333,5";"BR-101/RJ";"Norte";"Colisão - Traseira";2;0;0;0;0;0;0;0;0;0;2;0;0;0;0
"29/12/2018";"14:41:00";"109";"com vítima";"321";"BR-101/RJ";"Norte";"Colisão - Traseira";1;0;0;1;0;0;0;0;0;0;1;1;0;0;0
"29/12/2018";"15:40:00";"113";"com vítima";"324";"BR-101/RJ";"Norte";"Colisão - Traseira";2;0;0;0;0;0;0;0;0;0;0;1;0;0;0
"29/12/2018";"17:59:00";"126";"sem vítima";"324";"BR-101/RJ";"Norte";"Engavetamento";3;0;0;0;0;0;0;0;0;0;0;0;0;0;0
"30/12/2018";"02:56:00";"6";"com vítima";"326,5";"BR-101/RJ";"Sul";"Colisão - Traseira";0;0;2;0;0;0;0;0;0;0;2;0;1;0;0
"01/01/2019";"09:45:00";"18";"com vítima";"324,5";"BR-101/RJ";"Norte";"Colisão - Traseira";1;0;0;1;0;0;0;0;0;0;0;2;0;0;0
"01/01/2019";"15:58:00";"40";"com vítima";"333,7";"BR-101/RJ";"Sul";"Colisão - Traseira";2;0;0;0;0;0;0;0;0;0;0;8;0;0;0
"02/01/2019";"12:18:00";"71";"sem vítima";"331,5";"BR-101/RJ";"Sul";"Engavetamento";3;0;0;0;0;0;0;0;0;0;3;0;0;0;0
"02/01/2019";"15:50:00";"100";"sem vítima";"322,8";"BR-101/RJ";"Sul";"Colisão - Traseira";1;0;0;1;0;0;0;0;0;0;2;0;0;0;0
"03/01/2019";"15:08:00";"110";"sem vítima";"326";"BR-101/RJ";"Sul";"Colisão - Traseira";2;0;0;0;0;0;0;0;0;0;2;0;0;0;0
"03/01/2019";"15:48:00";"118";"sem vítima";"323";"BR-101/RJ";"Sul";"Colisão - Traseira";2;0;0;0;0;0;0;0;0;0;2;0;0;0;0
"04/01/2019";"14:26:00";"55";"com vítima";"323,2";"BR-101/RJ";"Sul";"Choque - Meio Fio";1;0;0;0;1;0;0;0;0;0;0;4;0;0;0
"04/01/2019";"16:29:00";"77";"com vítima";"328,8";"BR-101/RJ";"Norte";"Colisão - Lateral";2;0;0;0;1;0;0;0;0;0;0;3;0;0;0
"05/01/2019";"16:57:00";"51";"sem vítima";"322,8";"BR-101/RJ";"Norte";"Choque Praça";0;0;1;0;0;0;0;0;0;0;1;0;0;0;0
"05/01/2019";"22:08:00";"87";"sem vítima";"333,8";"BR-101/RJ";"Norte";"Colisão - Traseira";2;0;0;0;0;0;0;0;0;0;2;0;0;0;0
"05/01/2019";"22:45:00";"90";"com vítima";"321";"BR-101/RJ";"Norte";"Queda de moto";0;0;0;1;0;0;0;0;0;0;0;1;0;0;0
"06/01/2019";"08:59:00";"27";"com vítima";"328,5";"BR-101/RJ";"Norte";"Colisão - Traseira";2;0;0;0;0;0;0;0;0;0;0;4;0;0;0
"06/01/2019";"16:14:00";"65";"sem vítima";"324,2";"BR-101/RJ";"Sul";"Colisão - Lateral";2;0;0;0;0;0;0;0;0;0;2;0;0;0;0
"06/01/2019";"19:37:00";"81";"sem vítima";"322,8";"BR-101/RJ";"Norte";"Engavetamento";3;0;0;0;0;0;0;0;0;0;3;0;0;0;0
"08/01/2019";"07:08:00";"14";"com vítima";"322,8";"BR-101/RJ";"Sul";"Colisão - Traseira";1;0;0;2;0;0;0;0;0;0;0;3;0;0;0
"08/01/2019";"08:05:00";"23";"sem vítima";"324,5";"BR-101/RJ";"Sul";"Colisão - Traseira";2;0;0;0;0;0;0;0;0;0;2;0;0;0;0
"08/01/2019";"08:41:00";"25";"sem vítima";"322,8";"BR-101/RJ";"Sul";"Colisão - Traseira";2;0;0;0;0;0;0;0;0;0;2;0;0;0;0
"08/01/2019";"12:29:00";"40";"sem vítima";"322,4";"BR-101/RJ";"Sul";"Engavetamento";3;0;0;0;0;0;0;0;0;0;3;0;0;0;0
"08/01/2019";"18:55:00";"79";"com vítima";"333,5";"BR-101/RJ";"Norte";"Queda de moto";1;0;0;1;0;0;0;0;0;0;1;1;0;0;0
"09/01/2019";"07:08:00";"20";"com vítima";"322,4";"BR-101/RJ";"Sul";"Colisão - Lateral";0;0;0;2;0;0;0;0;0;1;1;2;0;0;0
"09/01/2019";"15:59:00";"83";"sem vítima";"324,6";"BR-101/RJ";"Norte";"Colisão - Traseira";2;0;0;0;0;0;0;0;0;0;2;0;0;0;0
"09/01/2019";"18:12:00";"102";"sem vítima";"329,1";"BR-101/RJ";"Norte";"Colisão - Traseira";2;0;0;0;0;0;0;0;0;0;2;0;0;0;0
"10/01/2019";"17:32:00";"87";"sem vítima";"328,1";"BR-101/RJ";"Norte";"Engavetamento";4;0;0;0;0;0;0;0;0;0;4;0;0;0;0
"11/01/2019";"13:02:00";"49";"com vítima";"323,7";"BR-101/RJ";"Norte";"Colisão - Traseira";1;0;0;1;0;0;0;0;0;0;0;2;0;0;0
"12/01/2019";"13:53:00";"76";"sem vítima";"333,5";"BR-101/RJ";"Norte";"Choque - Meio Fio";1;0;0;0;0;0;0;0;0;0;1;0;0;0;0
"12/01/2019";"15:05:00";"83";"com vítima";"330";"BR-101/RJ";"Norte";"Choque Barreira";1;0;0;0;0;0;0;0;0;0;0;0;1;0;0
"12/01/2019";"20:42:00";"104";"com vítima";"334";"BR-101/RJ";"Norte";"Colisão - Traseira";1;0;0;1;0;0;0;0;0;0;1;0;1;0;0
"14/01/2019";"05:05:00";"9";"com vítima";"334";"BR-101/RJ";"Sul";"Choque Defensa";1;0;0;0;0;0;0;0;0;0;1;1;0;0;0
"14/01/2019";"06:26:00";"12";"com vítima";"331,3";"BR-101/RJ";"Norte";"Colisão - Traseira";1;0;0;0;0;0;0;0;0;1;2;3;0;0;0
"14/01/2019";"10:55:00";"49";"sem vítima";"326,5";"BR-101/RJ";"Norte";"Colisão - Traseira";1;0;0;0;0;0;0;0;0;2;3;0;0;0;0
"14/01/2019";"13:45:00";"65";"sem vítima";"324,4";"BR-101/RJ";"Norte";"Colisão - Traseira";1;0;0;0;1;0;0;0;0;0;2;0;0;0;0
"14/01/2019";"13:57:00";"68";"sem vítima";"324,5";"BR-101/RJ";"Norte";"Colisão - Traseira";1;0;0;0;0;0;0;0;0;1;2;0;0;0;0
"15/01/2019";"02:27:00";"6";"sem vítima";"325";"BR-101/RJ";"Norte";"Colisão - Lateral";1;0;0;0;1;0;0;0;0;0;1;0;0;0;0
"15/01/2019";"13:43:00";"52";"com vítima";"322,5";"BR-101/RJ";"Norte";"Colisão - Traseira";2;0;0;0;0;0;0;0;0;0;1;1;0;0;0
"18/01/2019";"15:31:00";"69";"sem vítima";"324,5";"BR-101/RJ";"Norte";"Colisão - Lateral";4;0;0;0;0;0;0;0;0;0;4;0;0;0;0
"18/01/2019";"22:30:00";"127";"sem vítima";"322,3";"BR-101/RJ";"Norte";"Choque - Sinalização";0;0;1;0;0;0;0;0;0;0;1;0;0;0;0
"18/01/2019";"23:15:00";"134";"com vítima";"329";"BR-101/RJ";"Norte";"Colisão - Traseira";2;0;0;0;0;0;0;0;0;0;1;1;0;0;0
"19/01/2019";"13:50:00";"79";"sem vítima";"332,5";"BR-101/RJ";"Norte";"Colisão - Traseira";2;0;0;0;0;0;0;0;0;0;2;0;0;0;0
"20/01/2019";"12:22:00";"46";"sem vítima";"324,5";"BR-101/RJ";"Norte";"Colisão - Traseira";2;0;0;0;0;0;0;0;0;0;2;0;0;0;0
"20/01/2019";"22:52:00";"116";"sem vítima";"322,3";"BR-101/RJ";"Norte";"Colisão - Lateral";1;0;1;0;0;0;0;0;0;0;2;0;0;0;0
"21/01/2019";"14:52:00";"101";"sem vítima";"322";"BR-101/RJ";"Sul";"Colisão - Traseira";1;0;1;0;0;0;0;0;0;0;2;0;0;0;0
"23/01/2019";"07:17:00";"13";"sem vítima";"327,5";"BR-101/RJ";"Norte";"Colisão - Lateral";1;0;1;0;0;0;0;0;0;0;2;0;0;0;0
"23/01/2019";"07:40:00";"16";"sem vítima";"324,5";"BR-101/RJ";"Sul";"Colisão - Traseira";0;0;0;0;2;0;0;0;0;0;2;0;0;0;0
"23/01/2019";"15:06:00";"46";"com vítima";"331,2";"BR-101/RJ";"Sul";"Colisão - Traseira";0;0;2;0;0;0;0;0;0;0;2;1;0;0;0
"23/01/2019";"15:58:00";"55";"sem vítima";"329";"BR-101/RJ";"Sul";"Colisão - Traseira";2;0;0;0;0;0;0;0;0;0;2;0;0;0;0
"24/01/2019";"06:08:00";"12";"com vítima";"324";"BR-101/RJ";"Norte";"Tombamento";0;0;1;0;0;0;0;0;0;0;0;1;0;0;0
"24/01/2019";"15:14:00";"74";"com vítima";"328";"BR-101/RJ";"Norte";"Colisão - Traseira";1;0;0;1;0;0;0;0;0;0;1;1;0;0;0
"24/01/2019";"19:28:00";"113";"com vítima";"321";"BR-101/RJ";"Norte";"Queda de moto";0;0;0;1;0;0;0;0;0;0;0;1;0;0;0
"25/01/2019";"15:19:00";"74";"sem vítima";"322,8";"BR-101/RJ";"Norte";"Colisão - Traseira";1;0;1;0;0;0;0;0;0;0;3;0;0;0;0
"25/01/2019";"17:10:00";"90";"sem vítima";"323";"BR-101/RJ";"Norte";"Colisão - Traseira";2;0;0;0;0;0;0;0;0;0;2;0;0;0;0
"25/01/2019";"21:40:00";"140";"sem vítima";"325";"BR-101/RJ";"Norte";"Colisão - Traseira";2;0;0;0;0;0;0;0;0;0;2;0;0;0;0
"26/01/2019";"17:38:00";"77";"sem vítima";"322,8";"BR-101/RJ";"Sul";"Choque Defensa";1;0;0;0;0;0;0;0;0;0;2;0;0;0;0
"26/01/2019";"18:15:00";"84";"sem vítima";"330";"BR-101/RJ";"Sul";"Colisão - Traseira";2;0;0;0;0;0;0;0;0;0;2;0;0;0;0
"26/01/2019";"21:39:00";"108";"sem vítima";"333,9";"BR-101/RJ";"Norte";"Colisão - Lateral";1;0;2;0;0;0;0;0;0;0;2;0;0;0;0
"27/01/2019";"07:44:00";"19";"com vítima";"332,7";"BR-101/RJ";"Norte";"Atropelamento";2;0;0;0;0;0;0;0;0;0;1;0;0;1;0
"27/01/2019";"21:07:00";"90";"sem vítima";"329";"BR-101/RJ";"Norte";"Colisão - Traseira";1;0;0;0;1;0;0;0;0;0;2;0;0;0;0
"27/01/2019";"21:50:00";"93";"sem vítima";"332";"BR-101/RJ";"Sul";"Engavetamento";4;0;0;0;0;0;0;0;0;0;4;0;0;0;0
"28/01/2019";"08:48:00";"32";"com vítima";"326,8";"BR-101/RJ";"Sul";"Colisão - Traseira";1;0;0;1;0;0;0;0;0;0;0;2;0;0;0
"28/01/2019";"16:27:00";"86";"sem vítima";"321";"BR-101/RJ";"Norte";"Colisão - Traseira";2;0;0;0;0;0;0;0;0;0;2;0;0;0;0
"29/01/2019";"10:09:00";"28";"com vítima";"324,3";"BR-101/RJ";"Sul";"Colisão - Traseira";2;0;0;0;0;0;0;0;0;0;0;2;0;0;0
"29/01/2019";"10:43:00";"34";"sem vítima";"323,5";"BR-101/RJ";"Sul";"Engavetamento";2;0;0;1;0;0;0;0;0;0;3;0;0;0;0
"29/01/2019";"13:34:00";"52";"com vítima";"326,8";"BR-101/RJ";"Norte";"Colisão - Lateral";0;0;0;1;1;0;0;0;0;1;2;0;1;0;0
"29/01/2019";"15:01:00";"64";"sem vítima";"324,9";"BR-101/RJ";"Norte";"Colisão - Traseira";2;0;0;0;0;0;0;0;0;0;2;0;0;0;0
"29/01/2019";"18:08:00";"86";"com vítima";"322,3";"BR-101/RJ";"Sul";"Colisão - Traseira";1;0;0;0;1;0;0;0;0;0;1;1;0;0;0
"30/01/2019";"07:27:00";"25";"sem vítima";"325";"BR-101/RJ";"Sul";"Engavetamento";3;0;0;0;0;0;0;0;0;0;3;0;0;0;0
"01/02/2019";"06:41:00";"13";"sem vítima";"321";"BR-101/RJ";"Sul";"Colisão - Lateral";2;0;0;0;0;0;0;0;0;0;2;0;0;0;0