data;horario;n_da_ocorrencia;tipo_de_ocorrencia;km;trecho;sentido;tipo_de_acidente;automovel;bicicleta;caminhao;moto;onibus;outros;tracao_animal;transporte_de_cargas_especiais;trator_maquinas;utilitarios;ilesos;levemente_feridos;moderadamente_feridos;gravemente_feridos;mortos
"22/06/2024";"06:46:00";"16";"Com vítima";"324,092";"BR-101/RJ";"Decrescente";"Choque";2;0;0;0;0;0;0;0;0;0;2;4;0;0;0
"22/06/2024";"08:59:00";"33";"Com vítima";"322,089";"BR-101/RJ";"Decrescente";"Colisão traseira";1;0;0;1;0;0;0;0;0;0;2;1;0;0;0
"24/06/2024";"13:59:00";"46";"Sem vítima";"0,814";"Acesso N ";"Crescente";"Capotamento";1;0;0;0;0;0;0;0;0;0;1;0;0;0;0
"25/06/2024";"07:38:00";"23";"Com vítima";"325,040";"BR-101/RJ";"Crescente";"Colisão traseira";1;0;0;1;0;0;0;0;0;0;2;1;0;0;0
"25/06/2024";"18:40:00";"79";"Sem vítima";"0,042";"Acesso N ";"Crescente";"Colisão lateral no mesmo sentido";1;0;0;1;0;0;0;0;0;0;2;0;0;0;0
"25/06/2024";"20:44:00";"95";"Com vítima";"324,040";"BR-101/RJ";"Decrescente";"Colisão lateral no mesmo sentido";1;0;0;0;0;1;0;0;0;0;1;2;0;0;0
"27/06/2024";"04:33:00";"14";"Com vítima";"333,396";"BR-101/RJ";"Decrescente";"Colisão lateral no mesmo sentido";1;0;1;0;0;0;0;0;0;0;0;2;0;0;0
"27/06/2024";"20:27:00";"92";"Com vítima";"332,320";"BR-101/RJ";"Decrescente";"Colisão traseira";1;0;0;2;0;0;0;0;0;0;0;2;1;0;0
"27/06/2024";"22:10:00";"99";"Com vítima";"323,988";"BR-101/RJ";"Decrescente";"Colisão traseira";1;0;0;1;0;0;0;0;0;0;0;1;1;0;0
"28/06/2024";"18:15:00";"59";"Com vítima";"325,434";"BR-101/RJ";"Decrescente";"Engavetamento";3;0;0;0;0;0;0;0;0;0;0;3;0;0;0
"29/06/2024";"10:17:00";"27";"Sem vítima";"326,608";"BR-101/RJ";"Crescente";"Colisão traseira";2;0;0;0;0;0;0;0;0;0;3;0;0;0;0
"30/06/2024";"07:54:00";"18";"Com vítima";"327,280";"BR-101/RJ";"Decrescente";"Colisão traseira";2;0;0;0;0;0;0;0;0;0;4;3;1;0;0
"30/06/2024";"14:21:00";"45";"Sem vítima";"0,967";"Acesso N ";"Crescente";"Choque";1;0;0;0;0;0;0;0;0;0;1;0;0;0;0
"01/07/2024";"08:26:00";"25";"Com vítima";"0,308";"Acesso N ";"Crescente";"Colisão lateral no mesmo sentido";1;0;0;1;0;0;0;0;0;0;1;1;0;0;0
"01/07/2024";"19:27:00";"86";"Sem vítima";"323,070";"BR-101/RJ";"Decrescente";"Colisão traseira";1;0;0;1;0;0;0;0;0;0;2;0;0;0;0
"02/07/2024";"10:41:00";"37";"Com vítima";"322,255";"BR-101/RJ";"Crescente";"Colisão lateral no mesmo sentido";1;0;0;1;0;0;0;0;0;0;1;0;1;0;0
"02/07/2024";"14:39:00";"62";"Sem vítima";"322,610";"BR-101/RJ";"Crescente";"Choque";1;0;1;0;1;0;0;0;0;0;6;0;0;0;0
"05/07/2024";"00:10:00";"2";"Com vítima";"331,528";"BR-101/RJ";"Decrescente";"Queda de moto";0;0;0;1;0;0;0;0;0;0;1;1;0;0;0
"07/07/2024";"18:37:00";"70";"Com vítima";"323,428";"BR-101/RJ";"Decrescente";"Colisão traseira";3;0;0;0;0;0;0;0;0;0;6;1;0;0;0
"09/07/2024";"08:22:00";"27";"Com vítima";"323,340";"BR-101/RJ";"Crescente";"Queda de moto";1;0;0;0;0;0;0;0;0;0;0;2;0;0;0
"09/07/2024";"20:07:00";"83";"Com vítima";"326,272";"BR-101/RJ";"Decrescente";"Colisão lateral no mesmo sentido";1;0;0;1;0;0;0;0;0;0;1;1;1;0;0
"10/07/2024";"10:35:00";"25";"Com vítima";"324,800";"BR-101/RJ";"Crescente";"Queda de moto";0;0;0;1;0;0;0;0;0;0;0;1;1;0;0
"10/07/2024";"10:55:00";"27";"Com vítima";"322,067";"Acesso N ";"Crescente";"Queda de moto";1;0;0;1;0;0;0;0;0;0;1;1;1;0;0
"10/07/2024";"14:04:00";"47";"Com vítima";"328,320";"BR-101/RJ";"Decrescente";"Choque";1;0;0;1;0;0;0;0;0;0;1;0;0;1;0
"11/07/2024";"18:11:00";"81";"Com vítima";"326,440";"BR-101/RJ";"Decrescente";"Colisão traseira";1;0;0;1;0;0;0;0;0;0;1;1;0;0;0
"12/07/2024";"16:55:00";"56";"Com vítima";"331,880";"BR-101/RJ";"Decrescente";"Engavetamento";3;0;0;0;0;0;0;0;0;0;2;2;0;0;0
"13/07/2024";"10:23:00";"31";"Sem vítima";"326,440";"BR-101/RJ";"Decrescente";"Colisão traseira";2;0;0;0;0;0;0;0;0;0;3;0;0;0;0
"13/07/2024";"12:22:00";"43";"Com vítima";"330,480";"BR-101/RJ";"Decrescente";"Colisão traseira";1;0;0;1;0;0;0;0;0;0;1;0;1;0;0
"15/07/2024";"07:45:00";"20";"Sem vítima";"322,420";"BR-101/RJ";"Crescente";"Colisão traseira";1;0;0;1;0;0;0;0;0;0;2;0;0;0;0
"15/07/2024";"11:13:00";"34";"Com vítima";"322,067";"Acesso N ";"Crescente";"Colisão frontal";1;0;0;2;0;0;0;0;0;0;2;1;0;0;0
"16/07/2024";"21:08:00";"102";"Sem vítima";"332,910";"BR-101/RJ";"Crescente";"Choque";2;0;0;0;0;0;0;0;0;0;2;0;0;0;0
"17/07/2024";"17:53:00";"80";"Com vítima";"332,100";"BR-101/RJ";"Decrescente";"Colisão traseira";1;0;0;1;0;0;0;0;0;0;1;1;0;0;0
"18/07/2024";"05:16:00";"11";"Sem vítima";"332,320";"BR-101/RJ";"Crescente";"Choque";2;0;0;0;0;0;0;0;0;0;2;0;0;0;0
"18/07/2024";"15:18:00";"53";"Sem vítima";"322,610";"BR-101/RJ";"Decrescente";"Colisão traseira";2;0;0;0;0;0;0;0;0;0;3;0;0;0;0
"18/07/2024";"19:11:00";"78";"Com vítima";"329,280";"BR-101/RJ";"Decrescente";"Colisão lateral no mesmo sentido";3;0;0;1;0;0;0;0;0;0;0;4;0;0;0
"19/07/2024";"07:05:00";"18";"Com vítima";"322,089";"BR-101/RJ";"Decrescente";"Colisão lateral no mesmo sentido";1;0;0;1;0;0;0;0;0;0;1;1;0;0;0
"20/07/2024";"10:48:00";"31";"Com vítima";"324,800";"BR-101/RJ";"Decrescente";"Engavetamento";3;0;0;0;0;0;0;0;0;0;0;6;0;0;0
"20/07/2024";"12:19:00";"43";"Com vítima";"331,704";"BR-101/RJ";"Decrescente";"Colisão traseira";2;0;0;0;0;0;0;0;0;0;0;6;0;0;0
"20/07/2024";"15:59:00";"72";"Com vítima";"0,221";"Acesso N ";"Crescente";"Queda de moto";0;0;0;1;0;0;0;0;0;0;0;1;0;0;0
"21/07/2024";"18:31:00";"69";"Com vítima";"326,272";"BR-101/RJ";"Decrescente";"Queda de moto";0;0;0;1;0;0;0;0;0;0;0;2;0;0;0
"22/07/2024";"18:43:00";"63";"Com vítima";"322,089";"BR-101/RJ";"Decrescente";"Colisão lateral no mesmo sentido";0;0;0;2;0;0;0;0;0;0;2;1;0;0;0
"23/07/2024";"11:08:00";"43";"Com vítima";"0,967";"Acesso N ";"Crescente";"Colisão lateral no mesmo sentido";2;0;0;0;0;0;0;0;0;0;1;1;0;0;0
"23/07/2024";"13:31:00";"54";"Com vítima";"324,992";"BR-101/RJ";"Decrescente";"Queda de moto";1;0;0;0;0;0;0;0;0;0;0;2;0;0;0
"23/07/2024";"18:47:00";"93";"Com vítima";"323,780";"BR-101/RJ";"Crescente";"Colisão traseira";2;0;0;0;0;0;0;0;0;0;1;1;0;0;0
"24/07/2024";"09:31:00";"28";"Com vítima";"322,255";"BR-101/RJ";"Crescente";"Colisão lateral no mesmo sentido";1;0;0;1;0;0;0;0;0;0;3;1;0;0;0
"25/07/2024";"14:34:00";"42";"Com vítima";"322,610";"BR-101/RJ";"Crescente";"Colisão lateral no mesmo sentido";0;0;0;1;0;0;0;0;0;1;1;1;0;0;0
"25/07/2024";"14:59:00";"47";"Sem vítima";"322,255";"BR-101/RJ";"Decrescente";"Colisão traseira";1;0;0;0;0;0;0;0;0;0;3;0;0;0;0
"25/07/2024";"16:08:00";"57";"Com vítima";"326,608";"BR-101/RJ";"Decrescente";"Colisão traseira";0;0;0;1;0;0;0;0;0;0;0;1;0;0;0
"26/07/2024";"18:13:00";"76";"Com vítima";"333,002";"BR-101/RJ";"Decrescente";"Colisão traseira";1;0;0;1;0;0;0;0;0;0;3;1;0;0;0
"27/07/2024";"11:01:00";"45";"Sem vítima";"322,420";"BR-101/RJ";"Decrescente";"Colisão traseira";2;0;0;0;0;0;0;0;0;0;2;0;0;0;0
"27/07/2024";"12:31:00";"53";"Sem vítima";"324,040";"BR-101/RJ";"Decrescente";"Colisão traseira";2;0;0;0;0;0;0;0;0;0;4;0;0;0;0
"27/07/2024";"20:00:00";"110";"Sem vítima";"333,624";"Acesso R ";"Crescente";"Colisão frontal";1;0;1;0;0;1;0;0;0;0;3;0;0;0;0
"28/07/2024";"18:29:00";"62";"Sem vítima";"323,070";"BR-101/RJ";"Decrescente";"Colisão traseira";1;0;0;1;0;0;0;0;0;0;6;0;0;0;0
"28/07/2024";"18:56:00";"66";"Com vítima";"0,308";"Acesso N ";"Crescente";"Choque";0;0;0;1;0;0;0;0;0;0;0;1;0;0;0
"29/07/2024";"15:52:00";"55";"Com vítima";"0,063";"Acesso N ";"Crescente";"Queda de moto";0;0;0;1;0;0;0;0;0;0;0;1;0;0;0
"30/07/2024";"08:28:00";"30";"Com vítima";"0,221";"Acesso N ";"Crescente";"Colisão lateral no mesmo sentido";0;0;0;1;0;0;0;0;0;0;0;1;0;0;0
"31/07/2024";"06:38:00";"16";"Sem vítima";"332,320";"BR-101/RJ";"Decrescente";"Colisão lateral no mesmo sentido";2;0;0;0;0;0;0;0;0;0;2;0;0;0;0
"31/07/2024";"08:24:00";"24";"Sem vítima";"322,255";"BR-101/RJ";"Decrescente";"Colisão traseira";2;0;0;0;0;0;0;0;0;0;3;0;0;0;0
"31/07/2024";"15:25:00";"63";"Sem vítima";"0,826";"Acesso R ";"Crescente";"Colisão traseira";2;0;0;0;0;0;0;0;0;0;3;0;0;0;0
"01/08/2024";"10:04:00";"24";"Sem vítima";"332,680";"BR-101/RJ";"Crescente";"Engavetamento";3;0;0;0;0;0;0;0;0;0;5;0;0;0;0
"01/08/2024";"11:48:00";"35";"Com vítima";"324,040";"BR-101/RJ";"Decrescente";"Queda de moto";1;0;0;0;0;0;0;0;0;0;0;0;2;0;0
"02/08/2024";"10:11:00";"36";"Com vítima";"0,308";"Acesso N ";"Crescente";"Engavetamento";4;0;0;0;0;0;0;0;0;0;4;4;0;0;0
"02/08/2024";"14:30:00";"61";"Sem vítima";"324,040";"BR-101/RJ";"Decrescente";"Colisão traseira";1;0;0;1;0;0;0;0;0;0;2;0;0;0;0
"02/08/2024";"16:55:00";"82";"Com vítima";"324,800";"BR-101/RJ";"Decrescente";"Queda de moto";1;0;0;1;0;0;0;0;0;1;2;1;1;0;0
"03/08/2024";"18:36:00";"81";"Com vítima";"323,560";"BR-101/RJ";"Decrescente";"Colisão lateral no mesmo sentido";2;0;0;0;0;0;0;0;0;0;2;2;0;0;0
"04/08/2024";"08:45:00";"24";"Sem vítima";"322,255";"BR-101/RJ";"Decrescente";"Colisão lateral no mesmo sentido";1;0;0;1;0;0;0;0;0;0;4;0;0;0;0
"04/08/2024";"10:26:00";"34";"Com vítima";"330,384";"BR-101/RJ";"Decrescente";"Queda de moto";0;0;0;1;0;0;0;0;0;0;0;0;2;0;0
"04/08/2024";"15:32:00";"68";"Com vítima";"328,560";"BR-101/RJ";"Decrescente";"Choque";2;0;0;0;0;0;0;0;0;0;2;1;0;0;0
"04/08/2024";"16:27:00";"75";"Com vítima";"328,560";"BR-101/RJ";"Decrescente";"Colisão lateral no mesmo sentido";1;0;0;1;0;0;0;0;0;0;0;3;0;0;0
"04/08/2024";"16:58:00";"83";"Com vítima";"333,460";"BR-101/RJ";"Crescente";"Queda de moto";0;0;0;1;0;0;0;0;0;0;0;1;0;1;0
"05/08/2024";"15:02:00";"64";"Com vítima";"331,152";"BR-101/RJ";"Crescente";"Choque";1;0;0;0;0;0;0;0;0;0;0;1;0;0;0
"06/08/2024";"08:30:00";"22";"Com vítima";"0,814";"Acesso N ";"Crescente";"Colisão traseira";2;0;0;0;0;0;0;0;0;0;1;1;0;0;0
"08/08/2024";"19:13:00";"99";"Com vítima";"333,939";"Acesso R ";"Decrescente";"Colisão lateral no mesmo sentido";0;0;0;1;0;0;0;0;0;0;1;1;0;0;0
"09/08/2024";"07:40:00";"22";"Sem vítima";"333,620";"BR-101/RJ";"Decrescente";"Colisão traseira";2;0;0;0;0;0;0;0;0;0;3;0;0;0;0
"11/08/2024";"15:01:00";"54";"Com vítima";"327,840";"BR-101/RJ";"Decrescente";"Colisão traseira";1;0;0;0;0;0;0;0;0;0;0;0;1;0;0
"11/08/2024";"19:50:00";"84";"Com vítima";"322,496";"BR-101/RJ";"Crescente";"Engavetamento";4;0;0;0;0;0;0;0;0;0;9;1;0;0;0
"11/08/2024";"22:38:00";"109";"Sem vítima";"323,340";"BR-101/RJ";"Crescente";"Colisão lateral no mesmo sentido";2;0;0;0;0;0;0;0;0;0;6;0;0;0;0
"13/08/2024";"08:17:00";"26";"Com vítima";"322,067";"Acesso N ";"Crescente";"Colisão traseira";2;0;0;0;0;0;0;0;0;0;1;1;0;0;0
"14/08/2024";"10:00:00";"34";"Com vítima";"327,840";"BR-101/RJ";"Crescente";"Colisão lateral no mesmo sentido";1;0;0;1;0;0;0;0;0;0;2;0;1;0;0
"14/08/2024";"10:22:00";"36";"Com vítima";"326,440";"BR-101/RJ";"Crescente";"Colisão traseira";0;0;1;1;0;0;0;0;0;0;1;1;0;0;0
"16/08/2024";"07:42:00";"15";"Sem vítima";"333,939";"Acesso R ";"Decrescente";"Engavetamento";3;0;0;0;0;0;0;0;0;0;3;0;0;0;0
"16/08/2024";"08:38:00";"23";"Com vítima";"0,703";"Acesso N ";"Crescente";"Colisão traseira";1;0;0;1;0;0;0;0;0;0;2;1;0;0;0
"16/08/2024";"14:58:00";"53";"Sem vítima";"324,040";"BR-101/RJ";"Decrescente";"Engavetamento";3;0;0;0;0;0;0;0;0;1;9;0;0;0;0
"16/08/2024";"15:40:00";"57";"Sem vítima";"331,200";"BR-101/RJ";"Decrescente";"Colisão traseira";0;0;1;1;0;0;0;0;0;0;2;0;0;0;0
"16/08/2024";"17:58:00";"72";"Com vítima";"328,800";"BR-101/RJ";"Crescente";"Capotamento";2;0;0;0;0;0;0;0;0;0;4;1;0;0;0
"16/08/2024";"18:49:00";"77";"Com vítima";"328,560";"BR-101/RJ";"Decrescente";"Colisão lateral no mesmo sentido";1;0;0;1;0;1;0;0;0;0;4;1;0;0;0
"18/08/2024";"05:52:00";"18";"Com vítima";"327,840";"BR-101/RJ";"Decrescente";"Choque";1;0;0;0;0;0;0;0;0;0;0;3;0;1;0
"18/08/2024";"06:34:00";"21";"Sem vítima";"327,840";"BR-101/RJ";"Decrescente";"Choque";1;0;1;0;0;0;0;0;0;1;3;0;0;0;0
"19/08/2024";"16:03:00";"59";"Sem vítima";"333,939";"Acesso R ";"Decrescente";"Engavetamento";2;0;0;0;0;0;0;0;0;0;4;0;0;0;0
"20/08/2024";"07:45:00";"17";"Com vítima";"329,520";"BR-101/RJ";"Crescente";"Queda de moto";1;0;0;0;0;0;0;0;0;0;1;1;0;0;0
"20/08/2024";"08:11:00";"22";"Com vítima";"0,000";"Acesso N ";"Crescente";"Queda de moto";1;0;0;0;0;0;0;0;0;0;0;1;0;0;0
"20/08/2024";"09:35:00";"30";"Sem vítima";"332,320";"BR-101/RJ";"Decrescente";"Queda de moto";0;0;0;1;0;0;0;0;0;0;1;0;0;0;0
"21/08/2024";"12:41:00";"52";"Sem vítima";"329,712";"BR-101/RJ";"Crescente";"Colisão traseira";1;0;1;0;0;0;0;0;0;0;4;0;0;0;0
"22/08/2024";"06:49:00";"16";"Com vítima";"333,140";"BR-101/RJ";"Crescente";"Queda de moto";0;0;0;1;0;0;0;0;0;0;0;2;0;0;0
"22/08/2024";"13:07:00";"59";"Com vítima";"332,232";"BR-101/RJ";"Decrescente";"Queda de moto";0;0;0;1;0;0;0;0;0;0;0;1;0;0;0
"23/08/2024";"13:20:00";"50";"Sem vítima";"322,420";"BR-101/RJ";"Decrescente";"Colisão traseira";2;0;0;0;0;0;0;0;0;0;2;0;0;0;0
"24/08/2024";"07:09:00";"23";"Sem vítima";"332,572";"BR-101/RJ";"Crescente";"Engavetamento";1;0;1;0;0;0;0;0;0;1;4;0;0;0;0
"24/08/2024";"07:35:00";"27";"Sem vítima";"330,000";"BR-101/RJ";"Decrescente";"Colisão traseira";2;0;0;0;0;0;0;0;0;0;3;0;0;0;0
"25/08/2024";"20:15:00";"60";"Sem vítima";"330,480";"BR-101/RJ";"Crescente";"Colisão traseira";1;0;0;0;0;1;0;0;0;0;2;0;0;0;0
"27/08/2024";"18:54:00";"80";"Com vítima";"0,042";"Acesso N ";"Crescente";"Colisão lateral no mesmo sentido";2;0;0;0;0;0;0;0;0;0;2;1;0;0;0
"30/08/2024";"11:55:00";"39";"Com vítima";"324,300";"BR-101/RJ";"Crescente";"Colisão traseira";1;0;0;1;0;0;0;0;0;0;0;1;1;0;0
"30/08/2024";"16:09:00";"62";"Com vítima";"333,460";"BR-101/RJ";"Decrescente";"Colisão traseira";0;0;0;0;2;0;0;0;0;0;2;2;0;0;0
"30/08/2024";"16:53:00";"67";"Com vítima";"326,440";"BR-101/RJ";"Decrescente";"Colisão traseira";0;0;0;1;1;0;0;0;0;0;1;1;0;0;0
"31/08/2024";"22:45:00";"92";"Com vítima";"326,440";"BR-101/RJ";"Crescente";"Colisão traseira";1;0;1;0;0;0;0;0;0;0;3;2;2;0;0
"02/09/2024";"04:55:00";"12";"Com vítima";"327,440";"BR-101/RJ";"Decrescente";"Colisão lateral no mesmo sentido";2;0;0;0;0;0;0;0;0;0;0;1;1;0;0
"02/09/2024";"18:21:00";"65";"Sem vítima";"322,610";"BR-101/RJ";"Crescente";"Capotamento";3;0;0;0;0;0;0;0;0;0;4;0;0;0;0
"03/09/2024";"07:39:00";"29";"Com vítima";"322,089";"BR-101/RJ";"Crescente";"Colisão traseira";0;0;0;2;0;0;0;0;0;0;0;2;0;0;0
"03/09/2024";"09:24:00";"45";"Com vítima";"331,200";"BR-101/RJ";"Decrescente";"Colisão traseira";0;0;0;1;0;1;0;0;0;0;1;2;0;0;0
"03/09/2024";"12:52:00";"63";"Com vítima";"322,610";"BR-101/RJ";"Decrescente";"Colisão lateral no mesmo sentido";2;0;0;0;0;0;0;0;0;0;1;0;1;0;0
"03/09/2024";"19:31:00";"97";"Sem vítima";"322,255";"BR-101/RJ";"Decrescente";"Colisão lateral no mesmo sentido";1;0;0;1;0;0;0;0;0;0;2;0;0;0;0
"04/09/2024";"14:30:00";"60";"Com vítima";"0,000";"Acesso R ";"Crescente";"Colisão traseira";1;0;0;1;0;0;0;0;0;0;2;1;0;0;0
"04/09/2024";"21:51:00";"102";"Com vítima";"326,440";"BR-101/RJ";"Decrescente";"Colisão traseira";2;0;0;0;0;0;0;0;0;0;0;2;0;0;0
"05/09/2024";"02:04:00";"5";"Sem vítima";"334,386";"Acesso R ";"Crescente";"Colisão traseira";0;0;2;0;0;3;0;0;0;0;6;0;0;0;0
"05/09/2024";"11:00:00";"47";"Sem vítima";"322,255";"BR-101/RJ";"Crescente";"Colisão traseira";2;0;0;0;0;0;0;0;0;0;2;0;0;0;0
"05/09/2024";"12:54:00";"56";"Com vítima";"333,140";"BR-101/RJ";"Crescente";"Colisão lateral no mesmo sentido";0;0;0;1;0;1;0;0;0;0;1;1;0;0;0
"05/09/2024";"14:14:00";"65";"Sem vítima";"0,308";"Acesso N ";"Crescente";"Colisão traseira";2;0;0;0;0;0;0;0;0;0;3;0;0;0;0
"05/09/2024";"14:17:00";"66";"Sem vítima";"0,308";"Acesso N ";"Crescente";"Colisão traseira";1;0;0;1;0;0;0;0;0;0;3;0;0;0;0
"08/09/2024";"05:15:00";"14";"Sem vítima";"326,104";"BR-101/RJ";"Decrescente";"Colisão traseira";2;0;0;0;0;0;0;0;0;0;2;0;0;0;0
"09/09/2024";"14:53:00";"85";"Com vítima";"322,067";"Acesso N ";"Crescente";"Colisão lateral no mesmo sentido";1;0;0;1;0;0;0;0;0;0;1;1;0;0;0
"09/09/2024";"18:50:00";"109";"Sem vítima";"333,396";"BR-101/RJ";"Decrescente";"Colisão lateral no mesmo sentido";2;0;0;0;0;0;0;0;0;0;2;0;0;0;0
"10/09/2024";"13:24:00";"48";"Com vítima";"330,720";"BR-101/RJ";"Crescente";"Choque";1;0;0;1;0;0;0;0;0;0;2;1;0;0;0
"11/09/2024";"05:25:00";"11";"Com vítima";"322,067";"Acesso N ";"Crescente";"Colisão traseira";1;0;0;1;0;0;0;0;0;0;1;1;0;0;0
"11/09/2024";"19:06:00";"113";"Sem vítima";"326,608";"BR-101/RJ";"Decrescente";"Colisão lateral no mesmo sentido";0;0;0;1;0;1;0;0;0;0;1;0;0;0;0
"12/09/2024";"09:35:00";"36";"Sem vítima";"330,480";"BR-101/RJ";"Decrescente";"Colisão lateral no mesmo sentido";1;0;0;1;0;0;0;0;0;0;3;0;0;0;0
"12/09/2024";"10:15:00";"41";"Sem vítima";"330,480";"BR-101/RJ";"Crescente";"Colisão lateral no mesmo sentido";2;0;0;0;0;0;0;0;0;0;5;0;0;0;0
"12/09/2024";"15:21:00";"83";"Com vítima";"329,616";"BR-101/RJ";"Crescente";"Choque";1;0;0;1;0;0;0;0;0;0;1;1;0;0;0
"12/09/2024";"22:06:00";"158";"Com vítima";"325,768";"BR-101/RJ";"Decrescente";"Colisão traseira";2;0;0;1;0;1;0;0;0;0;2;3;0;0;0
"13/09/2024";"09:22:00";"26";"Com vítima";"0,703";"Acesso N ";"Crescente";"Atropelamento de pedestre";1;0;0;1;0;0;0;0;0;0;3;0;1;0;0
"13/09/2024";"13:57:00";"56";"Com vítima";"328,080";"BR-101/RJ";"Decrescente";"Queda de moto";0;0;0;1;0;0;0;0;0;0;0;1;0;0;0
"13/09/2024";"16:19:00";"81";"Sem vítima";"323,340";"BR-101/RJ";"Decrescente";"Colisão traseira";3;0;0;0;0;0;0;0;0;0;4;0;0;0;0
"16/09/2024";"18:21:00";"79";"Sem vítima";"322,255";"BR-101/RJ";"Decrescente";"Colisão lateral no mesmo sentido";2;0;0;0;0;0;0;0;0;0;2;0;0;0;0
"17/09/2024";"07:58:00";"16";"Sem vítima";"322,255";"BR-101/RJ";"Crescente";"Colisão traseira";2;0;0;0;0;0;0;0;0;0;2;0;0;0;0
"17/09/2024";"17:28:00";"58";"Sem vítima";"326,944";"BR-101/RJ";"Decrescente";"Colisão traseira";1;0;0;1;0;0;0;0;0;0;2;0;0;0;0
"17/09/2024";"18:19:00";"66";"Com vítima";"328,800";"BR-101/RJ";"Crescente";"Colisão lateral no mesmo sentido";1;0;0;0;0;0;0;0;0;0;0;1;0;0;0
"18/09/2024";"05:39:00";"11";"Sem vítima";"0,000";"Acesso N ";"Crescente";"Colisão traseira";1;0;0;0;0;1;0;0;0;0;2;0;0;0;0
"18/09/2024";"18:47:00";"100";"Com vítima";"326,272";"BR-101/RJ";"Decrescente";"Colisão traseira";1;0;0;1;0;0;0;0;0;0;0;2;0;0;0
"19/09/2024";"12:16:00";"47";"Com vítima";"331,880";"BR-101/RJ";"Decrescente";"Choque";0;0;1;1;0;0;0;0;0;0;1;0;0;1;0
"19/09/2024";"22:44:00";"121";"Com vítima";"324,848";"BR-101/RJ";"Crescente";"Colisão traseira";2;0;0;0;0;0;0;0;0;0;6;1;0;0;0
"20/09/2024";"11:40:00";"40";"Sem vítima";"333,620";"BR-101/RJ";"Decrescente";"Colisão lateral no mesmo sentido";2;0;0;0;0;0;0;0;0;0;4;0;0;0;0
"24/09/2024";"13:00:00";"75";"Sem vítima";"332,100";"BR-101/RJ";"Crescente";"Colisão lateral no mesmo sentido";1;0;1;0;0;0;0;0;0;0;3;0;0;0;0
"25/09/2024";"07:39:00";"23";"Com vítima";"322,800";"BR-101/RJ";"Crescente";"Queda de moto";1;0;0;0;0;0;0;0;0;0;0;1;0;0;0
"25/09/2024";"15:16:00";"58";"Com vítima";"322,089";"BR-101/RJ";"Decrescente";"Colisão lateral no mesmo sentido";1;0;0;1;0;0;0;0;0;0;1;1;0;0;0
"25/09/2024";"17:41:00";"72";"Com vítima";"328,320";"BR-101/RJ";"Decrescente";"Colisão traseira";1;0;0;1;0;0;0;0;0;0;1;0;0;1;0
"25/09/2024";"23:41:00";"123";"Sem vítima";"332,188";"BR-101/RJ";"Crescente";"Colisão traseira";1;0;0;0;0;1;0;0;0;0;3;0;0;0;0
"27/09/2024";"19:50:00";"125";"Com vítima";"332,500";"BR-101/RJ";"Crescente";"Queda de moto";0;0;0;1;0;0;0;0;0;0;1;1;0;0;0
"01/10/2024";"15:31:00";"77";"Sem vítima";"322,089";"BR-101/RJ";"Decrescente";"Colisão lateral no mesmo sentido";2;0;0;0;0;0;0;0;0;0;2;0;0;0;0
"02/10/2024";"07:33:00";"33";"Com vítima";"329,904";"BR-101/RJ";"Decrescente";"Choque";0;0;1;1;0;0;0;0;0;0;1;0;1;0;0
"03/10/2024";"10:28:00";"49";"Com vítima";"333,140";"BR-101/RJ";"Crescente";"Colisão traseira";1;0;0;1;0;0;0;0;0;0;1;0;1;0;0
"04/10/2024";"10:44:00";"41";"Sem vítima";"328,560";"BR-101/RJ";"Decrescente";"Engavetamento";3;0;0;0;0;0;0;0;0;0;10;0;0;0;0
"05/10/2024";"19:09:00";"72";"Com vítima";"322,067";"Acesso N ";"Crescente";"Atropelamento de pedestre";1;0;0;0;0;0;0;0;0;0;4;0;1;0;0
"05/10/2024";"19:46:00";"75";"Com vítima";"324,040";"BR-101/RJ";"Crescente";"Colisão traseira";0;0;0;1;0;1;0;0;0;0;1;0;0;2;0