data;horario;n_da_ocorrencia;tipo_de_ocorrencia;km;trecho;sentido;tipo_de_acidente;automovel;bicicleta;caminhao;moto;onibus;outros;tracao_animal;transporte_de_cargas_especiais;trator_maquinas;utilitarios;ilesos;levemente_feridos;moderadamente_feridos;gravemente_feridos;mortos
"13/01/2025";"16:38:00";"123";"Com vítima";"333,460";"BR-101/RJ";"Decrescente";"Queda de moto";0;0;0;1;0;0;0;0;0;0;0;0;1;0;0
"15/01/2025";"12:06:00";"46";"Com vítima";"334,386";"Acesso R ";"Crescente";"Queda de moto";0;0;0;1;0;0;0;0;0;0;0;1;0;0;0
"17/01/2025";"08:40:00";"39";"Sem vítima";"326,272";"BR-101/RJ";"Crescente";"Engavetamento";3;0;0;0;0;0;0;0;0;0;8;0;0;0;0
"17/01/2025";"14:21:00";"100";"Sem vítima";"324,040";"BR-101/RJ";"Crescente";"Colisão traseira";2;0;0;0;0;0;0;0;0;0;3;0;0;0;0
"17/01/2025";"17:58:00";"137";"Com vítima";"0,308";"Acesso N ";"Crescente";"Atropelamento de ciclista";0;1;0;0;1;0;0;0;0;0;1;0;0;0;0
"17/01/2025";"20:08:00";"153";"Com vítima";"325,434";"BR-101/RJ";"Crescente";"Queda de moto";0;0;0;1;0;0;0;0;0;0;0;0;2;0;0
"18/01/2025";"06:11:00";"13";"Sem vítima";"324,040";"BR-101/RJ";"Decrescente";"Engavetamento";3;0;0;0;0;0;0;0;0;0;3;0;0;0;0
"18/01/2025";"10:36:00";"49";"Sem vítima";"322,610";"BR-101/RJ";"Decrescente";"Colisão traseira";2;0;0;0;0;0;0;0;0;0;2;0;0;0;0
"18/01/2025";"15:17:00";"108";"Sem vítima";"323,340";"BR-101/RJ";"Decrescente";"Colisão lateral no mesmo sentido";2;0;0;1;0;0;0;0;0;0;4;0;0;0;0
"19/01/2025";"20:00:00";"91";"Com vítima";"0,000";"Acesso N ";"Crescente";"Choque";0;0;0;1;0;0;0;0;0;0;0;0;0;1;0
"19/01/2025";"22:13:00";"106";"Com vítima";"329,184";"BR-101/RJ";"Crescente";"Choque";2;0;0;0;0;0;0;0;0;0;4;2;0;0;0
"20/01/2025";"07:13:00";"16";"Com vítima";"322,648";"BR-101/RJ";"Decrescente";"Colisão traseira";3;0;0;0;0;0;0;0;0;0;2;1;0;0;0
"20/01/2025";"11:48:00";"52";"Com vítima";"328,896";"BR-101/RJ";"Crescente";"Queda de moto";0;0;0;1;0;0;0;0;0;0;0;2;0;0;0
"22/01/2025";"02:59:00";"8";"Sem vítima";"331,200";"BR-101/RJ";"Decrescente";"Choque";1;0;0;0;0;0;0;0;0;0;1;0;0;0;0
"23/01/2025";"06:05:00";"14";"Com vítima";"327,280";"BR-101/RJ";"Decrescente";"Colisão lateral no mesmo sentido";1;0;0;1;0;0;0;0;0;0;1;1;0;0;0
"24/01/2025";"08:19:00";"23";"Sem vítima";"328,320";"BR-101/RJ";"Decrescente";"Colisão lateral no mesmo sentido";2;0;0;0;0;0;0;0;0;0;4;0;0;0;0
"25/01/2025";"15:52:00";"60";"Com vítima";"330,912";"BR-101/RJ";"Decrescente";"Colisão traseira";1;0;1;0;0;0;0;0;0;0;0;3;0;0;0
"26/01/2025";"21:01:00";"77";"Com vítima";"327,600";"BR-101/RJ";"Decrescente";"Choque";2;0;0;0;0;0;0;0;0;0;1;0;1;0;0
"27/01/2025";"17:14:00";"104";"Sem vítima";"322,255";"BR-101/RJ";"Crescente";"Colisão traseira";1;0;1;0;0;0;0;0;0;0;5;0;0;0;0
"27/01/2025";"18:21:00";"113";"Com vítima";"322,255";"BR-101/RJ";"Decrescente";"Colisão lateral no mesmo sentido";1;0;0;1;0;0;0;0;0;0;2;1;0;0;0
"28/01/2025";"10:16:00";"43";"Sem vítima";"0,221";"Acesso N ";"Crescente";"Queda de moto";0;0;0;1;0;0;0;0;0;0;1;0;0;0;0
"28/01/2025";"12:21:00";"61";"Sem vítima";"322,610";"BR-101/RJ";"Decrescente";"Engavetamento";2;0;1;0;0;0;0;0;0;0;5;0;0;0;0
"28/01/2025";"12:26:00";"62";"Sem vítima";"324,800";"BR-101/RJ";"Crescente";"Colisão traseira";2;0;0;0;0;0;0;0;0;0;5;0;0;0;0
"30/01/2025";"13:37:00";"64";"Com vítima";"0,377";"Acesso N ";"Crescente";"Choque";1;0;0;0;0;0;0;0;0;0;0;1;0;0;0
"30/01/2025";"21:09:00";"116";"Com vítima";"328,464";"BR-101/RJ";"Decrescente";"Choque";1;0;0;1;0;0;0;0;0;0;1;0;2;0;0
"30/01/2025";"21:33:00";"118";"Sem vítima";"322,420";"BR-101/RJ";"Decrescente";"Choque";1;0;0;1;0;0;0;0;0;0;2;0;0;0;0
"31/01/2025";"10:49:00";"38";"Sem vítima";"328,464";"BR-101/RJ";"Decrescente";"Colisão lateral no mesmo sentido";1;0;0;0;0;1;0;0;0;1;4;0;0;0;0
"31/01/2025";"18:23:00";"114";"Com vítima";"333,002";"BR-101/RJ";"Crescente";"Queda de moto";0;0;0;1;0;0;0;0;0;0;0;1;0;0;0
"31/01/2025";"19:06:00";"118";"Com vítima";"322,610";"BR-101/RJ";"Decrescente";"Queda de moto";0;0;0;1;0;0;0;0;0;0;0;1;0;0;0
"03/02/2025";"16:32:00";"92";"Com vítima";"327,696";"BR-101/RJ";"Decrescente";"Colisão traseira";0;0;0;1;0;0;0;0;0;0;0;1;1;0;0
"04/02/2025";"05:29:00";"10";"Sem vítima";"333,560";"BR-101/RJ";"Decrescente";"Choque";0;0;2;0;0;0;0;0;0;0;2;0;0;0;0
"05/02/2025";"06:15:00";"16";"Com vítima";"325,434";"BR-101/RJ";"Crescente";"Colisão traseira";2;0;0;0;0;0;0;0;0;0;1;1;0;0;0
"05/02/2025";"11:29:00";"61";"Com vítima";"0,042";"Acesso N ";"Crescente";"Colisão lateral no mesmo sentido";1;0;0;1;0;0;0;0;0;0;2;1;1;0;0
"05/02/2025";"12:33:00";"69";"Sem vítima";"323,516";"BR-101/RJ";"Decrescente";"Colisão traseira";0;0;0;0;1;1;0;0;0;0;2;0;0;0;0
"05/02/2025";"16:25:00";"102";"Com vítima";"332,320";"BR-101/RJ";"Crescente";"Queda de moto";0;0;0;1;0;0;0;0;0;0;0;2;0;0;0
"05/02/2025";"16:44:00";"104";"Sem vítima";"323,340";"BR-101/RJ";"Decrescente";"Engavetamento";4;0;0;0;0;0;0;0;0;0;8;0;0;0;0
"06/02/2025";"11:36:00";"55";"Com vítima";"329,280";"BR-101/RJ";"Crescente";"Queda de moto";0;0;0;1;0;0;0;0;0;0;0;1;0;0;0
"07/02/2025";"13:26:00";"67";"Com vítima";"325,936";"BR-101/RJ";"Crescente";"Colisão lateral no mesmo sentido";1;0;0;1;0;0;0;0;0;0;1;1;0;0;0
"07/02/2025";"19:39:00";"134";"Com vítima";"333,002";"BR-101/RJ";"Decrescente";"Colisão lateral no mesmo sentido";2;0;0;1;0;0;0;0;0;0;3;1;0;0;0
"08/02/2025";"05:18:00";"12";"Com vítima";"328,800";"BR-101/RJ";"Crescente";"Queda de moto";0;0;0;1;0;0;0;0;0;1;0;4;0;0;0
"08/02/2025";"05:44:00";"14";"Sem vítima";"328,320";"BR-101/RJ";"Decrescente";"Colisão traseira";2;0;0;0;0;0;0;0;0;0;7;0;0;0;0
"10/02/2025";"06:24:00";"14";"Com vítima";"322,610";"BR-101/RJ";"Decrescente";"Colisão traseira";1;0;0;1;0;0;0;0;0;0;1;0;0;1;0
"10/02/2025";"07:49:00";"28";"Com vítima";"325,280";"BR-101/RJ";"Decrescente";"Choque";1;0;0;1;0;0;0;0;0;0;1;1;0;0;0
"10/02/2025";"11:10:00";"52";"Sem vítima";"0,221";"Acesso N ";"Crescente";"Queda de moto";0;0;0;1;0;0;0;0;0;0;1;0;0;0;0
"10/02/2025";"18:49:00";"116";"Com vítima";"322,287";"BR-101/RJ";"Crescente";"Colisão traseira";1;0;0;1;0;0;0;0;0;0;1;1;0;0;0
"11/02/2025";"17:46:00";"94";"Com vítima";"332,572";"BR-101/RJ";"Decrescente";"Colisão lateral no mesmo sentido";0;0;0;1;0;0;0;0;0;0;0;0;1;0;0
"12/02/2025";"08:05:00";"26";"Com vítima";"324,040";"BR-101/RJ";"Crescente";"Queda de moto";0;0;0;1;0;0;0;0;0;0;1;1;0;0;0
"12/02/2025";"09:10:00";"34";"Sem vítima";"322,089";"BR-101/RJ";"Crescente";"Engavetamento";3;0;0;0;0;0;0;0;0;0;3;0;0;0;0
"14/02/2025";"19:59:00";"125";"Com vítima";"323,516";"BR-101/RJ";"Decrescente";"Colisão traseira";1;0;0;0;1;0;0;0;0;0;1;0;1;0;0
"14/02/2025";"21:33:00";"148";"Sem vítima";"325,280";"BR-101/RJ";"Decrescente";"Colisão traseira";2;0;0;0;0;0;0;0;0;0;2;0;0;0;0
"17/02/2025";"01:07:00";"6";"Sem vítima";"0,814";"Acesso N ";"Crescente";"Choque";1;0;0;0;0;0;0;0;0;0;1;0;0;0;0
"17/02/2025";"09:44:00";"49";"Com vítima";"325,280";"BR-101/RJ";"Crescente";"Colisão traseira";2;0;0;0;0;0;0;0;0;0;1;1;0;0;0
"17/02/2025";"11:18:00";"66";"Com vítima";"323,340";"BR-101/RJ";"Crescente";"Colisão traseira";0;0;0;1;0;0;0;0;0;0;0;1;0;0;0
"17/02/2025";"11:44:00";"70";"Com vítima";"325,434";"BR-101/RJ";"Crescente";"Colisão traseira";2;0;0;0;0;0;0;0;0;0;2;1;0;0;0
"18/02/2025";"07:38:00";"32";"Sem vítima";"322,255";"BR-101/RJ";"Crescente";"Queda de moto";0;0;0;1;0;0;0;0;0;0;1;0;0;0;0
"19/02/2025";"12:07:00";"72";"Com vítima";"331,880";"BR-101/RJ";"Crescente";"Queda de moto";0;0;0;1;0;0;0;0;0;0;0;0;0;1;0
"20/02/2025";"15:13:00";"74";"Com vítima";"323,780";"BR-101/RJ";"Crescente";"Colisão traseira";1;0;0;1;0;0;0;0;0;0;2;1;0;0;0
"20/02/2025";"19:56:00";"102";"Com vítima";"326,440";"BR-101/RJ";"Crescente";"Queda de moto";0;0;0;1;0;0;0;0;0;0;0;2;0;0;0
"21/02/2025";"08:19:00";"24";"Com vítima";"0,377";"Acesso N ";"Crescente";"Queda de moto";0;0;0;1;0;0;0;0;0;0;0;1;0;0;0
"21/02/2025";"21:34:00";"125";"Sem vítima";"327,280";"BR-101/RJ";"Decrescente";"Colisão traseira";2;0;0;0;0;0;0;0;0;0;4;0;0;0;0
"21/02/2025";"21:52:00";"128";"Sem vítima";"327,280";"BR-101/RJ";"Decrescente";"Colisão lateral no mesmo sentido";1;0;0;0;0;1;0;0;0;0;2;0;0;0;0
"22/02/2025";"09:31:00";"39";"Com vítima";"326,440";"BR-101/RJ";"Decrescente";"Choque";0;0;1;1;0;0;0;0;0;0;1;1;1;0;0
"22/02/2025";"13:33:00";"68";"Com vítima";"330,000";"BR-101/RJ";"Crescente";"Queda de moto";0;0;0;1;0;0;0;0;0;0;0;1;0;0;0
"23/02/2025";"05:28:00";"11";"Sem vítima";"332,464";"BR-101/RJ";"Crescente";"Colisão lateral no mesmo sentido";2;0;0;0;0;0;0;0;0;0;3;0;0;0;0
"23/02/2025";"17:08:00";"65";"Com vítima";"323,988";"BR-101/RJ";"Crescente";"Colisão traseira";0;0;0;1;0;1;0;0;0;0;2;1;0;0;0
"25/02/2025";"07:02:00";"15";"Sem vítima";"0,836";"Acesso N ";"Crescente";"Engavetamento";4;0;0;0;0;0;0;0;0;0;4;0;0;0;0
"25/02/2025";"20:30:00";"114";"Sem vítima";"325,280";"BR-101/RJ";"Crescente";"Colisão traseira";2;0;0;0;0;0;0;0;0;0;2;0;0;0;0
"26/02/2025";"16:24:00";"69";"Sem vítima";"332,680";"BR-101/RJ";"Decrescente";"Colisão lateral no mesmo sentido";1;0;1;1;0;0;0;0;0;0;3;0;0;0;0
"27/02/2025";"08:41:00";"39";"Com vítima";"0,042";"Acesso N ";"Crescente";"Colisão lateral no mesmo sentido";0;0;0;2;0;0;0;0;0;0;1;2;0;0;0
"28/02/2025";"06:02:00";"26";"Com vítima";"324,800";"BR-101/RJ";"Decrescente";"Colisão traseira";2;0;0;0;0;0;0;0;0;0;4;2;0;0;0
"28/02/2025";"09:43:00";"57";"Com vítima";"0,703";"Acesso N ";"Crescente";"Queda de moto";0;0;0;1;0;0;0;0;0;0;0;1;0;0;0
"28/02/2025";"16:09:00";"108";"Com vítima";"331,440";"BR-101/RJ";"Decrescente";"Colisão traseira";1;0;0;1;0;0;0;0;0;0;0;3;1;0;0
"28/02/2025";"16:35:00";"111";"Com vítima";"331,440";"BR-101/RJ";"Decrescente";"Colisão traseira";2;0;0;1;0;0;0;0;0;0;1;2;0;0;0
"01/03/2025";"03:32:00";"23";"Com vítima";"323,070";"BR-101/RJ";"Decrescente";"Queda de moto";0;0;0;1;0;0;0;0;0;0;0;2;0;0;0
"02/03/2025";"06:24:00";"16";"Sem vítima";"324,040";"BR-101/RJ";"Decrescente";"Colisão traseira";2;0;0;0;0;0;0;0;0;0;6;0;0;0;0
"02/03/2025";"14:36:00";"89";"Sem vítima";"322,800";"BR-101/RJ";"Decrescente";"Choque";1;0;0;0;0;0;0;0;0;0;1;0;0;0;0
"03/03/2025";"19:38:00";"83";"Com vítima";"329,280";"BR-101/RJ";"Crescente";"Colisão lateral no mesmo sentido";1;0;0;1;0;0;0;0;0;0;3;1;0;0;0
"04/03/2025";"12:48:00";"42";"Com vítima";"333,620";"BR-101/RJ";"Crescente";"Queda de moto";1;0;0;0;0;0;0;0;0;0;0;2;0;0;0
"04/03/2025";"17:45:00";"72";"Sem vítima";"324,550";"BR-101/RJ";"Crescente";"Colisão traseira";2;0;0;0;0;0;0;0;0;0;2;0;0;0;0
"05/03/2025";"06:03:00";"27";"Com vítima";"326,440";"BR-101/RJ";"Decrescente";"Colisão lateral no mesmo sentido";0;0;0;1;0;2;0;0;0;0;2;0;1;0;0
"05/03/2025";"06:09:00";"29";"Sem vítima";"327,280";"BR-101/RJ";"Decrescente";"Colisão traseira";2;0;0;0;0;0;0;0;0;0;4;0;0;0;0
"05/03/2025";"12:46:00";"79";"Sem vítima";"325,434";"BR-101/RJ";"Crescente";"Colisão lateral no mesmo sentido";1;0;0;1;0;0;0;0;0;0;4;0;0;0;0
"05/03/2025";"15:39:00";"93";"Com vítima";"326,440";"BR-101/RJ";"Crescente";"Colisão traseira";1;0;0;1;0;0;0;0;0;0;3;1;0;0;0
"05/03/2025";"15:47:00";"95";"Com vítima";"325,600";"BR-101/RJ";"Crescente";"Colisão traseira";1;0;0;0;0;1;0;0;0;0;1;2;0;0;0
"05/03/2025";"17:20:00";"106";"Com vítima";"325,600";"BR-101/RJ";"Crescente";"Colisão lateral no mesmo sentido";1;0;0;1;0;0;0;0;0;0;2;1;0;0;0
"06/03/2025";"09:02:00";"50";"Com vítima";"322,089";"BR-101/RJ";"Crescente";"Colisão lateral no mesmo sentido";0;0;0;2;0;0;0;0;0;0;2;1;0;0;0
"07/03/2025";"11:14:00";"56";"Com vítima";"0,814";"Acesso N ";"Crescente";"Choque";1;0;0;0;0;0;0;0;0;0;0;1;0;0;0
"07/03/2025";"17:39:00";"97";"Com vítima";"326,104";"BR-101/RJ";"Crescente";"Colisão lateral no mesmo sentido";1;0;0;1;0;0;0;0;0;0;1;2;0;0;0
"08/03/2025";"18:02:00";"77";"Com vítima";"0,000";"Acesso R ";"Crescente";"Colisão lateral no mesmo sentido";1;0;0;1;0;0;0;0;0;0;1;1;0;0;0
"09/03/2025";"16:31:00";"80";"Com vítima";"326,608";"BR-101/RJ";"Decrescente";"Queda de moto";0;0;0;1;0;0;0;0;0;0;0;2;0;0;0
"10/03/2025";"06:41:00";"19";"Com vítima";"0,836";"Acesso N ";"Crescente";"Queda de moto";0;0;0;1;0;0;0;0;0;0;0;2;0;0;0
"10/03/2025";"13:15:00";"73";"Com vítima";"322,610";"BR-101/RJ";"Crescente";"Engavetamento";3;0;0;0;0;0;0;0;0;0;4;2;0;0;0
"11/03/2025";"08:09:00";"29";"Sem vítima";"329,040";"BR-101/RJ";"Crescente";"Colisão lateral no mesmo sentido";0;0;0;0;1;0;0;0;0;1;2;0;0;0;0
"11/03/2025";"15:51:00";"83";"Com vítima";"325,040";"BR-101/RJ";"Decrescente";"Queda de moto";0;0;0;1;0;0;0;0;0;0;0;1;0;0;0
"12/03/2025";"19:41:00";"91";"Com vítima";"324,400";"BR-101/RJ";"Decrescente";"Queda de moto";0;0;0;1;0;0;0;0;0;0;0;1;0;0;0
"13/03/2025";"14:48:00";"78";"Sem vítima";"326,608";"BR-101/RJ";"Crescente";"Engavetamento";3;0;1;0;0;0;0;0;0;0;7;0;0;0;0
"13/03/2025";"15:30:00";"85";"Sem vítima";"323,780";"BR-101/RJ";"Crescente";"Colisão lateral no mesmo sentido";1;0;1;0;0;0;0;0;0;0;4;0;0;0;0
"13/03/2025";"22:30:00";"144";"Com vítima";"322,610";"BR-101/RJ";"Decrescente";"Queda de moto";0;0;0;1;0;0;0;0;0;0;0;1;0;0;0
"14/03/2025";"05:41:00";"14";"Com vítima";"329,520";"BR-101/RJ";"Crescente";"Choque";1;0;0;1;0;0;0;0;0;0;2;0;1;0;0
"14/03/2025";"06:12:00";"15";"Com vítima";"333,460";"BR-101/RJ";"Decrescente";"Colisão lateral no mesmo sentido";0;0;0;0;0;0;0;0;0;2;9;0;1;0;0
"16/03/2025";"00:43:00";"1";"Com vítima";"324,300";"BR-101/RJ";"Crescente";"Queda de moto";0;0;0;1;0;0;0;0;0;0;0;2;0;0;0
"17/03/2025";"07:05:00";"22";"Com vítima";"322,255";"BR-101/RJ";"Crescente";"Colisão traseira";0;0;0;2;0;0;0;0;0;1;2;1;0;0;0
"17/03/2025";"12:28:00";"54";"Sem vítima";"327,280";"BR-101/RJ";"Decrescente";"Colisão traseira";2;0;0;0;0;1;0;0;0;0;4;0;0;0;0
"18/03/2025";"11:18:00";"55";"Com vítima";"322,089";"BR-101/RJ";"Decrescente";"Colisão lateral no mesmo sentido";1;0;0;1;0;0;0;0;0;0;2;1;0;0;0
"19/03/2025";"18:47:00";"112";"Sem vítima";"323,340";"BR-101/RJ";"Decrescente";"Colisão traseira";2;0;0;0;0;0;0;0;0;0;2;0;0;0;0
"20/03/2025";"09:45:00";"35";"Sem vítima";"326,272";"BR-101/RJ";"Decrescente";"Engavetamento";1;0;2;0;1;0;0;0;0;0;6;0;0;0;0
"20/03/2025";"16:26:00";"78";"Com vítima";"328,608";"BR-101/RJ";"Crescente";"Colisão lateral no mesmo sentido";0;0;0;1;0;1;0;0;0;0;1;1;0;0;0
"23/03/2025";"01:42:00";"15";"Sem vítima";"328,320";"BR-101/RJ";"Decrescente";"Colisão lateral no mesmo sentido";1;0;1;0;0;0;0;0;0;0;2;0;0;0;0
"23/03/2025";"19:01:00";"120";"Com vítima";"329,040";"BR-101/RJ";"Decrescente";"Colisão traseira";1;0;0;1;0;0;0;0;0;0;1;0;1;0;0
"23/03/2025";"21:35:00";"137";"Sem vítima";"321,600";"Acesso N ";"Crescente";"Colisão lateral no mesmo sentido";1;0;1;0;0;0;0;0;0;0;3;0;0;0;0
"24/03/2025";"03:28:00";"8";"Com vítima";"329,280";"BR-101/RJ";"Decrescente";"Colisão traseira";2;0;0;0;0;0;0;0;0;0;1;1;1;0;0
"25/03/2025";"10:55:00";"44";"Com vítima";"329,664";"BR-101/RJ";"Crescente";"Choque";1;0;0;0;1;0;0;0;0;0;6;1;0;0;0
"26/03/2025";"12:19:00";"53";"Sem vítima";"330,384";"BR-101/RJ";"Decrescente";"Colisão lateral no mesmo sentido";1;0;1;0;0;0;0;0;0;0;3;0;0;0;0
"26/03/2025";"16:59:00";"78";"Com vítima";"324,992";"BR-101/RJ";"Crescente";"Colisão traseira";1;0;0;1;0;0;0;0;0;0;1;0;1;0;0
"26/03/2025";"19:37:00";"106";"Com vítima";"331,152";"BR-101/RJ";"Crescente";"Choque";1;0;0;1;0;0;0;0;0;0;1;1;0;0;0
"27/03/2025";"11:01:00";"55";"Com vítima";"330,720";"BR-101/RJ";"Crescente";"Queda de moto";0;0;0;1;0;0;0;0;0;0;0;2;0;0;0
"28/03/2025";"08:37:00";"32";"Com vítima";"330,960";"BR-101/RJ";"Crescente";"Queda de moto";0;0;0;1;0;0;0;0;0;0;0;1;0;0;0
"28/03/2025";"14:45:00";"64";"Com vítima";"324,040";"BR-101/RJ";"Crescente";"Choque";1;0;0;0;0;0;0;0;0;0;0;1;0;0;0
"31/03/2025";"08:38:00";"31";"Com vítima";"328,176";"BR-101/RJ";"Crescente";"Colisão traseira";1;0;0;1;0;0;0;0;0;0;1;1;0;0;0
"03/04/2025";"17:07:00";"88";"Com vítima";"323,340";"BR-101/RJ";"Decrescente";"Colisão traseira";1;0;0;1;0;0;0;0;0;0;4;0;1;0;0
"04/04/2025";"02:54:00";"2";"Com vítima";"324,040";"BR-101/RJ";"Decrescente";"Colisão traseira";2;0;0;0;0;0;0;0;0;0;1;2;0;0;0
"05/04/2025";"11:52:00";"57";"Com vítima";"326,776";"BR-101/RJ";"Crescente";"Engavetamento";3;0;0;0;0;0;0;0;0;0;2;3;0;0;0
"06/04/2025";"02:44:00";"6";"Sem vítima";"0,072";"Acesso N ";"Decrescente";"Choque";1;0;0;0;0;0;0;0;0;0;1;0;0;0;0
"07/04/2025";"08:07:00";"30";"Com vítima";"325,280";"BR-101/RJ";"Crescente";"Engavetamento";2;0;0;0;0;1;0;0;0;0;4;1;0;0;0
"07/04/2025";"19:54:00";"120";"Com vítima";"323,070";"BR-101/RJ";"Decrescente";"Colisão lateral no mesmo sentido";0;0;0;1;0;0;0;0;0;0;0;2;0;0;0
"08/04/2025";"08:53:00";"24";"Com vítima";"333,460";"BR-101/RJ";"Crescente";"Colisão traseira";1;0;0;1;0;0;0;0;0;0;1;1;0;0;0
"08/04/2025";"16:28:00";"78";"Sem vítima";"322,800";"BR-101/RJ";"Crescente";"Engavetamento";2;0;1;0;0;0;0;0;0;0;9;0;0;0;0
"09/04/2025";"07:05:00";"19";"Com vítima";"327,600";"BR-101/RJ";"Decrescente";"Colisão traseira";3;0;0;0;0;0;0;0;0;0;2;1;0;0;0
"10/04/2025";"11:35:00";"57";"Com vítima";"325,344";"BR-101/RJ";"Decrescente";"Colisão lateral no mesmo sentido";2;0;0;1;0;0;0;0;0;0;2;1;0;0;0
"10/04/2025";"14:49:00";"75";"Com vítima";"330,240";"BR-101/RJ";"Decrescente";"Queda de moto";0;0;0;1;0;0;0;0;0;0;0;2;0;0;0
"11/04/2025";"21:13:00";"130";"Com vítima";"327,840";"BR-101/RJ";"Decrescente";"Colisão lateral no mesmo sentido";0;0;0;1;0;1;0;0;0;0;1;2;0;0;0
"12/04/2025";"12:14:00";"53";"Com vítima";"0,308";"Acesso N ";"Crescente";"Queda de moto";0;0;0;1;0;0;0;0;0;0;0;2;0;0;0
"13/04/2025";"01:01:00";"5";"Com vítima";"0,308";"Acesso N ";"Crescente";"Choque";1;0;0;0;0;0;0;0;0;0;0;1;0;0;0
"13/04/2025";"21:44:00";"84";"Com vítima";"331,296";"BR-101/RJ";"Decrescente";"Colisão traseira";1;0;0;1;0;0;0;0;0;0;1;1;1;0;0
"15/04/2025";"14:01:00";"72";"Com vítima";"331,152";"BR-101/RJ";"Crescente";"Colisão traseira";1;0;0;1;0;0;0;0;0;0;1;1;0;0;0
"15/04/2025";"17:38:00";"95";"Com vítima";"333,140";"BR-101/RJ";"Crescente";"Colisão lateral no mesmo sentido";0;0;0;2;0;0;0;0;0;0;2;1;0;0;0
"16/04/2025";"15:17:00";"80";"Com vítima";"333,460";"BR-101/RJ";"Decrescente";"Colisão lateral no mesmo sentido";1;0;1;0;0;1;0;0;0;0;1;2;0;0;0
"16/04/2025";"17:33:00";"99";"Com vítima";"323,340";"BR-101/RJ";"Decrescente";"Colisão traseira";2;0;0;0;0;0;0;0;0;0;1;1;0;0;0
"16/04/2025";"17:40:00";"100";"Com vítima";"323,692";"BR-101/RJ";"Crescente";"Engavetamento";4;0;0;0;0;0;0;0;0;0;7;1;0;0;0
"17/04/2025";"07:08:00";"12";"Com vítima";"323,988";"BR-101/RJ";"Decrescente";"Queda de moto";4;0;0;2;0;0;0;0;0;0;6;4;1;0;0
"17/04/2025";"18:38:00";"100";"Com vítima";"329,760";"BR-101/RJ";"Decrescente";"Colisão lateral no mesmo sentido";1;0;0;1;0;0;0;0;0;0;1;2;0;0;0
"18/04/2025";"09:46:00";"62";"Com vítima";"330,720";"BR-101/RJ";"Crescente";"Engavetamento";3;0;0;0;0;0;0;0;0;0;5;0;1;0;0
"19/04/2025";"14:38:00";"44";"Sem vítima";"323,780";"BR-101/RJ";"Crescente";"Colisão traseira";2;0;0;0;0;0;0;0;0;0;3;0;0;0;0
"19/04/2025";"23:11:00";"99";"Sem vítima";"322,610";"BR-101/RJ";"Decrescente";"Choque";1;0;0;0;0;0;0;0;0;0;1;0;0;0;0
"20/04/2025";"07:57:00";"23";"Com vítima";"330,816";"BR-101/RJ";"Decrescente";"Choque";2;0;0;1;0;0;0;0;0;0;5;2;0;0;0
"21/04/2025";"05:17:00";"7";"Com vítima";"0,081";"Acesso N ";"Crescente";"Choque";0;0;0;1;0;0;0;0;0;0;0;1;0;0;0
"22/04/2025";"12:49:00";"47";"Com vítima";"324,040";"BR-101/RJ";"Crescente";"Engavetamento";3;0;0;0;0;0;0;0;0;0;5;1;0;0;0
"24/04/2025";"10:44:00";"44";"Sem vítima";"331,200";"BR-101/RJ";"Crescente";"Queda de moto";1;0;0;0;0;0;0;0;0;0;2;0;0;0;0
"25/04/2025";"12:05:00";"48";"Sem vítima";"324,300";"BR-101/RJ";"Crescente";"Colisão lateral no mesmo sentido";1;0;1;0;0;0;0;0;0;0;3;0;0;0;0
"25/04/2025";"16:32:00";"68";"Com vítima";"333,204";"BR-101/RJ";"Decrescente";"Choque";1;0;0;0;0;0;0;0;0;0;0;2;0;0;0
"27/04/2025";"20:55:00";"69";"Sem vítima";"328,320";"BR-101/RJ";"Decrescente";"Colisão traseira";2;0;0;0;0;0;0;0;0;0;3;0;0;0;0
"27/04/2025";"21:01:00";"71";"Com vítima";"328,416";"BR-101/RJ";"Decrescente";"Colisão lateral no mesmo sentido";3;0;0;0;0;0;0;0;0;0;2;1;0;0;0